{"name":"a12f9297-385f-433e-bd2f-56dc3edbbf66","id":"/providers/Microsoft.Flow/flows/a12f9297-385f-433e-bd2f-56dc3edbbf66","type":"Microsoft.Flow/flows","properties":{"apiId":"/providers/Microsoft.PowerApps/apis/shared_logicflows","displayName":"Gestion Stage TFE","definition":{"metadata":{"workflowEntityId":null,"processAdvisorMetadata":null,"flowChargedByPaygo":null,"flowclientsuspensionreason":"None","flowclientsuspensiontime":null,"flowclientsuspensionreasondetails":null,"creator":{"id":"c2214dad-e26e-4c9d-bba6-ad56f581e410","type":"User","tenantId":"71260448-f1a9-4729-b630-4882e4dc58f5"},"provisioningMethod":"FromDefinition","failureAlertSubscription":true,"clientLastModifiedTime":"2023-12-27T10:42:27.2935397Z","connectionKeySavedTimeKey":"2023-12-27T10:42:27.2935397Z"},"$schema":"https://schema.management.azure.com/providers/Microsoft.Logic/schemas/2016-06-01/workflowdefinition.json#","contentVersion":"1.0.0.0","parameters":{"$connections":{"defaultValue":{},"type":"Object"},"$authentication":{"defaultValue":{},"type":"SecureObject"}},"triggers":{"When_a_new_response_is_submitted":{"splitOn":"@triggerOutputs()?['body/value']","metadata":{"operationMetadataId":"4f2f8d3a-b3aa-4e4c-be54-6f93b92eb424"},"type":"OpenApiConnectionWebhook","inputs":{"host":{"apiId":"/providers/Microsoft.PowerApps/apis/shared_microsoftforms","connectionName":"shared_microsoftforms","operationId":"CreateFormWebhook"},"parameters":{"form_id":"SAQmcanxKUe2MEiC5NxY9a1NIcJu4p1Mu6atVvWB5BBURDJLN0I3UlhHSTRDMVo2Vkc5MDFXSTdOVS4u"},"authentication":"@parameters('$authentication')"}}},"actions":{"Get_response_details":{"runAfter":{},"metadata":{"operationMetadataId":"04e97cd3-2aeb-46a9-87bb-bdbcf71de6ef"},"type":"OpenApiConnection","inputs":{"host":{"apiId":"/providers/Microsoft.PowerApps/apis/shared_microsoftforms","connectionName":"shared_microsoftforms","operationId":"GetFormResponseById"},"parameters":{"form_id":"SAQmcanxKUe2MEiC5NxY9a1NIcJu4p1Mu6atVvWB5BBURDJLN0I3UlhHSTRDMVo2Vkc5MDFXSTdOVS4u","response_id":"@triggerOutputs()?['body/resourceData/responseId']"},"authentication":"@parameters('$authentication')"}},"Create_an_approval":{"runAfter":{"Send_an_email_(V2)":["Succeeded"]},"metadata":{"operationMetadataId":"d369afc7-e84e-4a14-9c2e-dbba1011681a"},"type":"OpenApiConnection","inputs":{"host":{"apiId":"/providers/Microsoft.PowerApps/apis/shared_approvals","connectionName":"shared_approvals","operationId":"CreateAnApproval"},"parameters":{"approvalType":"BasicAwaitAll","ApprovalCreationInput/title":"Demande de stage TFE @{outputs('Get_response_details')?['body/rd6edb5bb17eb4aabba6d68cb6b43c017']}, @{outputs('Get_response_details')?['body/r8043614e4e1543c28c15b7e667ded229']}","ApprovalCreationInput/assignedTo":"@{outputs('Compose_1')}","ApprovalCreationInput/itemLink":"@triggerOutputs()?['body/resourceData/responseId']","ApprovalCreationInput/itemLinkDescription":"@{outputs('Get_response_details')?['body/r8043614e4e1543c28c15b7e667ded229']}@{outputs('Get_response_details')?['body/rd6edb5bb17eb4aabba6d68cb6b43c017']}@{outputs('Get_response_details')?['body/rd5745972f5564533a606694012315da5']}@{outputs('Get_response_details')?['body/rcf3f34e0b36040e39ddd4a34da20bd30']}","ApprovalCreationInput/enableNotifications":true,"ApprovalCreationInput/enableReassignment":true},"authentication":"@parameters('$authentication')"}},"Wait_for_an_approval":{"runAfter":{"Create_an_approval":["Succeeded"]},"metadata":{"operationMetadataId":"9be1b5b4-4205-411b-83c2-a04c0081fd60"},"type":"OpenApiConnectionWebhook","inputs":{"host":{"apiId":"/providers/Microsoft.PowerApps/apis/shared_approvals","connectionName":"shared_approvals","operationId":"WaitForAnApproval"},"parameters":{"approvalName":"@outputs('Create_an_approval')?['body/name']"},"authentication":"@parameters('$authentication')"}},"Condition":{"actions":{"list_rows_present_in_a_table_2":{"runAfter":{},"metadata":{"01LLOOOTYKTOHOZE76XBDLGXQTYBJARUTZ":"/Cours/Stage et TFE.xlsx","tableId":"{F80D2900-EA95-43F3-B50E-180CB6FE5901}","operationMetadataId":"4eec5b9d-0ae3-4ed5-be6a-3a9284569241"},"type":"OpenApiConnection","inputs":{"host":{"apiId":"/providers/Microsoft.PowerApps/apis/shared_excelonlinebusiness","connectionName":"shared_excelonlinebusiness","operationId":"GetItems"},"parameters":{"source":"me","drive":"b!g2uHyejrB0KxIgFZP0Z2EdAsrDVYe91AuE97WT1AJJLhWsdC2ceRQLYNd_tgeUUk","file":"01LLOOOTYKTOHOZE76XBDLGXQTYBJARUTZ","table":"{F80D2900-EA95-43F3-B50E-180CB6FE5901}"},"authentication":"@parameters('$authentication')"}},"add_a_row_into_a_table":{"runAfter":{"list_rows_present_in_a_table_2":["Succeeded"]},"metadata":{"01LLOOOTYKTOHOZE76XBDLGXQTYBJARUTZ":"/Cours/Stage et TFE.xlsx","tableId":"{F80D2900-EA95-43F3-B50E-180CB6FE5901}","operationMetadataId":"4700863d-002e-4999-9f9b-bcb5643ab1f3"},"type":"OpenApiConnection","inputs":{"host":{"apiId":"/providers/Microsoft.PowerApps/apis/shared_excelonlinebusiness","connectionName":"shared_excelonlinebusiness","operationId":"AddRowV2"},"parameters":{"source":"me","drive":"b!g2uHyejrB0KxIgFZP0Z2EdAsrDVYe91AuE97WT1AJJLhWsdC2ceRQLYNd_tgeUUk","file":"01LLOOOTYKTOHOZE76XBDLGXQTYBJARUTZ","table":"{F80D2900-EA95-43F3-B50E-180CB6FE5901}","item/Nom":"@outputs('Get_response_details')?['body/rd6edb5bb17eb4aabba6d68cb6b43c017']","item/Prénom":"@outputs('Get_response_details')?['body/r8043614e4e1543c28c15b7e667ded229']","item/Email":"@outputs('Get_response_details')?['body/rf632be987b1142f3b35295c3de84ac56']","item/Info entrprise":"@outputs('Get_response_details')?['body/rcf3f34e0b36040e39ddd4a34da20bd30']","item/Sujet stage":"@outputs('Get_response_details')?['body/rd5745972f5564533a606694012315da5']"},"authentication":"@parameters('$authentication')"}},"send_an_email_2":{"runAfter":{"add_a_row_into_a_table":["Succeeded"]},"metadata":{"operationMetadataId":"f2c020dd-78af-414f-9d65-2fc9119c4c45"},"type":"OpenApiConnection","inputs":{"host":{"apiId":"/providers/Microsoft.PowerApps/apis/shared_office365","connectionName":"shared_office365","operationId":"SendEmailV2"},"parameters":{"emailMessage/To":"@outputs('Get_response_details')?['body/rf632be987b1142f3b35295c3de84ac56']","emailMessage/Subject":"Demande de stage approuvée","emailMessage/Body":"<p><span style=\"white-space: pre-wrap;\">Cher </span>@{outputs('Get_response_details')?['body/rd6edb5bb17eb4aabba6d68cb6b43c017']}<span style=\"white-space: pre-wrap;\"> </span>@{outputs('Get_response_details')?['body/r8043614e4e1543c28c15b7e667ded229']}<span style=\"white-space: pre-wrap;\">,</span></p><br><p><span style=\"white-space: pre-wrap;\">Votre demande de stage a bel et bien été approuvée par le corps enseignant.</span></p><p><span style=\"white-space: pre-wrap;\">Bien à vous,</span></p><p><span style=\"white-space: pre-wrap;\">...</span></p>","emailMessage/Importance":"Normal"},"authentication":"@parameters('$authentication')"}}},"runAfter":{"Wait_for_an_approval":["Succeeded"]},"else":{"actions":{"send_an_email_3":{"runAfter":{},"metadata":{"operationMetadataId":"fca9a47b-26f9-49b0-8f10-2d4c7986a023"},"type":"OpenApiConnection","inputs":{"host":{"apiId":"/providers/Microsoft.PowerApps/apis/shared_office365","connectionName":"shared_office365","operationId":"SendEmailV2"},"parameters":{"emailMessage/To":"@outputs('Get_response_details')?['body/rf632be987b1142f3b35295c3de84ac56']","emailMessage/Subject":"Demande de stage TFE refusée","emailMessage/Body":"<p><span style=\"white-space: pre-wrap;\">Cher </span>@{outputs('Get_response_details')?['body/rd6edb5bb17eb4aabba6d68cb6b43c017']}<span style=\"white-space: pre-wrap;\"> </span>@{outputs('Get_response_details')?['body/r8043614e4e1543c28c15b7e667ded229']}</p><br><p><span style=\"white-space: pre-wrap;\">Nous somme dans le regret de vous annoncer que votre demande de stage a été refusée.</span></p><p><span style=\"white-space: pre-wrap;\">Bien à vous,</span></p><p><span style=\"white-space: pre-wrap;\"> </span></p>","emailMessage/Importance":"Normal"},"authentication":"@parameters('$authentication')"}}}},"expression":{"or":[{"equals":["@outputs('Wait_for_an_approval')?['body/outcome']","Approve"]}]},"metadata":{"operationMetadataId":"6b86fa10-efb8-4580-9288-c6f1d4bc1d05"},"type":"If"},"Initialize_variable":{"runAfter":{"Get_response_details":["Succeeded"]},"metadata":{"operationMetadataId":"10b33aa9-56ba-4584-8809-c872a4087fd4"},"type":"InitializeVariable","inputs":{"variables":[{"name":"Email 1","type":"string","value":"etu48700@henallux.be"}]}},"Initialize_variable_1":{"runAfter":{"Initialize_variable":["Succeeded"]},"metadata":{"operationMetadataId":"c6853e1d-edc4-4c41-b1e9-4d97c80346a2"},"type":"InitializeVariable","inputs":{"variables":[{"name":"Email 2","type":"string","value":"etu55776@henallux.be"}]}},"Compose":{"runAfter":{"Initialize_variable_1":["Succeeded"]},"metadata":{"operationMetadataId":"6811b1ec-f86a-41db-aca3-c01920e20b9a"},"type":"Compose","inputs":"@createArray(variables('Email 1'),variables('Email 2'))"},"Send_an_email_(V2)":{"runAfter":{"Compose_1":["Succeeded"]},"metadata":{"operationMetadataId":"c3d7259d-64a8-46f0-99f9-392cf3fdcb4d"},"type":"OpenApiConnection","inputs":{"host":{"apiId":"/providers/Microsoft.PowerApps/apis/shared_office365","connectionName":"shared_office365","operationId":"SendEmailV2"},"parameters":{"emailMessage/To":"@outputs('Compose_1')","emailMessage/Subject":"Demande de stage TFE","emailMessage/Body":"<p><span style=\"white-space: pre-wrap;\">Voici les détails de ma demande de stage :</span></p><p>@{body('Get_response_details')?['rd5745972f5564533a606694012315da5']}</p><p>@{body('Get_response_details')?['rcf3f34e0b36040e39ddd4a34da20bd30']}</p><p>@{body('Get_response_details')?['rf632be987b1142f3b35295c3de84ac56']}</p><br><p><span style=\"white-space: pre-wrap;\">Bien à vous,</span></p><p>@{body('Get_response_details')?['rd6edb5bb17eb4aabba6d68cb6b43c017']}<span style=\"white-space: pre-wrap;\"> </span>@{body('Get_response_details')?['r8043614e4e1543c28c15b7e667ded229']}</p>"},"authentication":"@parameters('$authentication')"}},"Compose_1":{"runAfter":{"Compose":["Succeeded"]},"metadata":{"operationMetadataId":"d96b410d-cb06-4e01-867a-1e14e0237deb"},"type":"Compose","inputs":"@outputs('Compose')?[rand(0,2)]"}},"outputs":{}},"connectionReferences":{"shared_microsoftforms":{"connectionName":"shared-microsoftform-a575cb3d-03f1-40b2-ad7d-8d92d2f2a506","source":"Embedded","id":"/providers/Microsoft.PowerApps/apis/shared_microsoftforms","tier":"NotSpecified"},"shared_approvals":{"connectionName":"shared-approvals-10d6e3ab-6218-4700-968e-4330f9551770","source":"Embedded","id":"/providers/Microsoft.PowerApps/apis/shared_approvals","tier":"NotSpecified"},"shared_excelonlinebusiness":{"connectionName":"shared-excelonlinebu-4918066e-c5ef-4fef-a443-822cb834ec18","source":"Embedded","id":"/providers/Microsoft.PowerApps/apis/shared_excelonlinebusiness","tier":"NotSpecified"},"shared_office365":{"connectionName":"shared-office365-3f4cc828-25f5-4402-b660-61919de96e07","source":"Embedded","id":"/providers/Microsoft.PowerApps/apis/shared_office365","tier":"NotSpecified"}},"flowFailureAlertSubscribed":false,"isManaged":false}}